{"count":1,"self":311.3787648,"total":3362.2902205,"children":{"InitializeActuators":{"count":24,"self":0.0025176,"total":0.0025176,"children":null},"InitializeSensors":{"count":24,"self":0.0095753,"total":0.0095753,"children":null},"AgentSendState":{"count":104184,"self":685.2079616,"total":896.15438239999992,"children":{"CollectObservations":{"count":500088,"self":4.5423583999999995,"total":4.5423585,"children":null},"WriteActionMask":{"count":500088,"self":1.5615103,"total":1.5615103,"children":null},"RequestDecision":{"count":500088,"self":7.7122943999999993,"total":191.893474,"children":{"AgentInfo.ToProto":{"count":500088,"self":4.8714559999999993,"total":184.1811798,"children":{"GenerateSensorData":{"count":500088,"self":166.1909632,"total":179.3097238,"children":{"RayPerceptionSensor.Perceive":{"count":2000352,"self":13.1187568,"total":13.1187571,"children":null}}}}}}},"RayPerceptionSensor.Perceive":{"count":1999968,"self":12.9490752,"total":12.9490748,"children":null}}},"DecideAction":{"count":104184,"self":2107.9932928,"total":2107.9932178999998,"children":null},"AgentAct":{"count":104184,"self":5.4237416,"total":5.4237414999999993,"children":null},"AgentInfo.ToProto":{"count":99746,"self":1.5089047999999998,"total":38.4785561,"children":{"GenerateSensorData":{"count":99746,"self":34.120032,"total":36.969651299999995,"children":{"RayPerceptionSensor.Perceive":{"count":398984,"self":2.849618,"total":2.8496178999999997,"children":null}}}}},"RayPerceptionSensor.Perceive":{"count":398932,"self":2.8443894,"total":2.8443894,"children":null}},"gauges":{"CompanionAgent.CumulativeReward":{"count":99746,"max":0.7000003,"min":-5.64001131,"runningAverage":-0.528882861,"value":-0.450000048,"weightedAverage":-0.450089157}},"metadata":{"timer_format_version":"0.1.0","start_time_seconds":"1732993776","unity_version":"2022.3.17f1","command_line_arguments":"C:\\Program Files\\Unity\\Hub\\Editor\\2022.3.17f1\\Editor\\Unity.exe -projectpath C:\\Users\\mattw\\Documents\\GitHub\\Rise_Of_The_Unblessed\\Rise of The Unblessed -useHub -hubIPC -cloudEnvironment production -licensingIpc LicenseClient-mattw -hubSessionId 04977807-643b-4d92-9adf-e3d19af8e861 -accessToken XOuZDYskBOVdX0ZKUQ2pKpZkbdMAEDgE4Sg_Zk5k89U002f","communication_protocol_version":"1.5.0","com.unity.ml-agents_version":"2.0.1","scene_name":"Mathew","end_time_seconds":"1732997138"}}